account_created_at,user_name,profile_url
2013-09-25T20:50:46Z,Dobiasd,https://github.com/Dobiasd
2012-10-10T12:46:23Z,hmsimha,https://github.com/hmsimha
2015-06-10T03:55:06Z,godsloveishere,https://github.com/godsloveishere
2011-11-03T02:42:25Z,noahsark769,https://github.com/noahsark769
2009-01-15T01:48:40Z,wka,https://github.com/wka
2011-11-19T09:51:27Z,alfo,https://github.com/alfo
2014-12-01T03:49:11Z,wslack,https://github.com/wslack
2014-08-12T13:45:54Z,Adzz,https://github.com/Adzz
2009-11-23T22:10:05Z,sagevann,https://github.com/sagevann
2010-12-01T15:00:44Z,mgree,https://github.com/mgree
2011-03-08T01:43:16Z,waldoj,https://github.com/waldoj
2014-08-18T00:38:50Z,creatrixtiara,https://github.com/creatrixtiara
2009-02-16T02:34:55Z,straup,https://github.com/straup
2011-05-14T14:30:03Z,krogsgard,https://github.com/krogsgard
2012-05-10T06:28:09Z,rebeccawilliams,https://github.com/rebeccawilliams
2012-03-11T14:09:05Z,vaibhavsagar,https://github.com/vaibhavsagar
2011-07-03T16:47:11Z,kdungs,https://github.com/kdungs
2010-12-27T10:42:04Z,christianbundy,https://github.com/christianbundy
2015-06-13T12:53:21Z,dnass,https://github.com/dnass
2013-03-23T14:18:05Z,Yhg1s,https://github.com/Yhg1s
2013-10-15T18:32:17Z,TheSpiderPig,https://github.com/TheSpiderPig
2010-08-30T21:55:54Z,gregoryyoung,https://github.com/gregoryyoung
2011-10-26T15:01:12Z,tbenbrahim,https://github.com/tbenbrahim
2013-06-28T18:28:00Z,sts10,https://github.com/sts10
2011-07-15T17:57:50Z,zachlipton,https://github.com/zachlipton
2013-05-31T16:33:01Z,kosamari,https://github.com/kosamari
2012-04-14T21:24:51Z,1wheel,https://github.com/1wheel
2012-06-21T00:52:14Z,unseenmachines,https://github.com/unseenmachines
2015-06-13T14:59:13Z,gilvanvilarim,https://github.com/gilvanvilarim
2011-06-10T09:34:07Z,tophtucker,https://github.com/tophtucker
2014-06-16T18:58:38Z,caoliver,https://github.com/caoliver
2011-07-19T22:25:10Z,eshellman,https://github.com/eshellman
2012-12-17T18:52:50Z,kuro5hin,https://github.com/kuro5hin
2009-06-24T19:11:04Z,aldeluis,https://github.com/aldeluis
2012-08-06T19:40:02Z,deltamualpha,https://github.com/deltamualpha
2015-03-22T14:35:43Z,michaelschwinges,https://github.com/michaelschwinges
2009-11-25T18:07:57Z,marekventur,https://github.com/marekventur
2009-04-29T13:51:16Z,roryokane,https://github.com/roryokane
2010-06-15T15:42:58Z,kpfleming,https://github.com/kpfleming
2008-10-26T17:26:43Z,EricaJoy,https://github.com/EricaJoy
2012-03-03T20:52:28Z,nivvedan,https://github.com/nivvedan
2011-02-21T16:36:31Z,complexsplit,https://github.com/complexsplit
2009-12-15T05:12:25Z,sarenji,https://github.com/sarenji
2010-12-05T23:46:40Z,than,https://github.com/than
2011-03-28T17:46:26Z,samuelfine,https://github.com/samuelfine
2011-05-04T08:29:08Z,apaprocki,https://github.com/apaprocki
2009-07-29T21:17:39Z,castaway,https://github.com/castaway
2010-12-30T22:09:38Z,teo1978,https://github.com/teo1978
2013-07-01T12:48:56Z,Bondifrench,https://github.com/Bondifrench
2010-10-03T18:22:59Z,yanofsky,https://github.com/yanofsky
2010-01-20T01:54:25Z,seldo,https://github.com/seldo
2013-01-07T23:01:00Z,cfreeley,https://github.com/cfreeley
2012-02-29T06:22:07Z,bitinn,https://github.com/bitinn
2013-07-17T04:40:29Z,qunwang6,https://github.com/qunwang6
2011-06-28T23:25:08Z,serriere,https://github.com/serriere
2011-06-16T03:08:29Z,mattico,https://github.com/mattico
2011-03-20T12:35:42Z,hbp,https://github.com/hbp
2009-11-17T13:50:25Z,dracos,https://github.com/dracos
